               epoch,      train/box_loss,      train/obj_loss,      train/cls_loss,   metrics/precision,      metrics/recall,     metrics/mAP_0.5,metrics/mAP_0.5:0.95,        val/box_loss,        val/obj_loss,        val/cls_loss,               x/lr0,               x/lr1,               x/lr2
                   0,             0.11001,            0.015569,             0.07812,               0.004,               0.175,             0.01493,           0.0039667,            0.073149,           0.0099457,            0.047835,              0.0982,              0.0002,              0.0002
                   1,              0.0953,            0.014252,            0.066025,           0.0051047,             0.22632,            0.050978,           0.0065747,              0.0716,            0.010219,            0.047517,            0.095499,          0.00049901,          0.00049901
                   2,            0.096671,            0.019886,            0.074873,           0.0066044,             0.30263,           0.0052139,          0.00081062,            0.068215,            0.010766,            0.046923,            0.092797,          0.00079683,          0.00079683
                   3,            0.087601,              0.0196,            0.070129,           0.0079216,             0.37763,           0.0091546,           0.0014257,            0.061477,            0.011827,            0.046158,            0.090093,           0.0010935,           0.0010935
                   4,            0.085475,            0.024802,            0.068591,            0.012967,             0.66447,            0.021148,            0.003969,            0.052905,            0.012911,            0.045106,            0.087389,           0.0013889,           0.0013889
                   5,            0.082237,             0.02238,            0.065606,            0.014624,             0.79605,            0.035273,           0.0074909,            0.050235,            0.013148,            0.044312,            0.084683,           0.0016832,           0.0016832
                   6,            0.077631,             0.02613,            0.061677,            0.016559,                0.95,            0.052365,            0.012113,            0.047512,            0.013496,            0.043055,            0.081976,           0.0019762,           0.0019762
                   7,            0.074523,            0.023811,            0.059483,            0.016564,               0.975,             0.11293,            0.023071,              0.0462,            0.013687,            0.042115,            0.079268,           0.0022681,           0.0022681
                   8,            0.072788,            0.025623,            0.055713,            0.014907,                   1,              0.1585,            0.045309,            0.041028,            0.014381,            0.039639,            0.076559,           0.0025588,           0.0025588
                   9,            0.065912,            0.029728,             0.05297,            0.013498,                   1,             0.24369,            0.065365,            0.041848,            0.013684,            0.037536,            0.073848,           0.0028483,           0.0028483
                  10,             0.06653,            0.023984,            0.051594,            0.011728,                   1,             0.31265,            0.095269,            0.044446,             0.01226,            0.034047,            0.071137,           0.0031366,           0.0031366
                  11,             0.06496,            0.029784,            0.047398,             0.17544,             0.63236,             0.40747,             0.13453,            0.045669,            0.011436,            0.031953,            0.068424,           0.0034238,           0.0034238
                  12,            0.064883,            0.023768,            0.043988,             0.15146,             0.42632,             0.46038,             0.16388,            0.040051,            0.011445,            0.029179,             0.06571,           0.0037097,           0.0037097
                  13,            0.063024,            0.021259,            0.040586,             0.15205,             0.63442,             0.25311,            0.068227,            0.049061,            0.010619,            0.027985,            0.062994,           0.0039945,           0.0039945
                  14,            0.059701,            0.024129,            0.039033,             0.13785,             0.89474,             0.18123,            0.057749,            0.041928,            0.011018,            0.026426,            0.060278,            0.004278,            0.004278
                  15,             0.06215,            0.022074,            0.035653,             0.31105,             0.81842,             0.61056,             0.16462,             0.04438,             0.01114,            0.026135,             0.05756,           0.0045604,           0.0045604
                  16,            0.059362,            0.019624,            0.035207,             0.14968,             0.79605,             0.18724,            0.041446,            0.053673,            0.012452,             0.02573,            0.054842,           0.0048416,           0.0048416
                  17,            0.066616,            0.015076,            0.037192,             0.38073,             0.76579,             0.61623,             0.17833,             0.04568,            0.012138,            0.025281,            0.052122,           0.0051216,           0.0051216
                  18,            0.061295,            0.021803,            0.033482,             0.25192,             0.79342,             0.40415,             0.15805,            0.052595,            0.012649,            0.023983,              0.0494,           0.0054004,           0.0054004
                  19,            0.072373,            0.016906,            0.034312,             0.31765,             0.61579,             0.38344,            0.087983,            0.048432,            0.011792,            0.023989,            0.046678,            0.005678,            0.005678
                  20,            0.064388,            0.016758,            0.033771,             0.45035,             0.74211,             0.52147,             0.16911,            0.058013,            0.010972,            0.023469,            0.043954,           0.0059545,           0.0059545
                  21,            0.068418,            0.018291,            0.031408,             0.41138,             0.71711,             0.47313,             0.25051,             0.04459,            0.011086,            0.022835,             0.04123,           0.0062297,           0.0062297
                  22,            0.067108,            0.017121,            0.031835,             0.43132,             0.81579,             0.68489,             0.24121,            0.049472,           0.0098719,            0.022644,            0.038504,           0.0065038,           0.0065038
                  23,            0.064505,            0.018649,            0.030189,               0.364,             0.71842,             0.37897,             0.20607,             0.05259,           0.0098918,            0.022057,            0.035777,           0.0067767,           0.0067767
                  24,            0.069085,            0.016252,            0.031939,             0.45338,             0.88766,             0.61092,             0.34458,            0.042104,           0.0095863,            0.020807,            0.033048,           0.0070484,           0.0070484
                  25,             0.05816,            0.017432,            0.029131,             0.34484,             0.84211,              0.6329,             0.23628,            0.046796,           0.0094928,            0.020409,            0.030319,           0.0073188,           0.0073188
                  26,            0.064993,            0.019002,            0.032665,             0.22213,             0.84211,             0.45141,             0.16014,            0.035707,           0.0093455,            0.020503,            0.027588,           0.0075882,           0.0075882
                  27,            0.057163,            0.018783,            0.030529,             0.16584,             0.58289,             0.35045,             0.12222,            0.048831,           0.0089517,            0.019867,            0.024856,           0.0078563,           0.0078563
                  28,             0.06039,            0.018362,            0.030513,             0.16584,             0.58289,             0.35045,             0.12222,            0.048831,           0.0089517,            0.019867,            0.022123,           0.0081232,           0.0081232
                  29,            0.056892,            0.019392,              0.0272,             0.47502,             0.93565,             0.81738,             0.42292,            0.032716,           0.0092784,            0.020143,            0.019389,            0.008389,            0.008389
                  30,            0.054376,            0.016999,            0.028202,               0.326,             0.92105,             0.75865,             0.33303,            0.039266,           0.0089533,            0.018993,            0.016654,           0.0086535,           0.0086535
                  31,            0.058998,            0.017228,            0.029126,             0.34562,             0.89474,             0.65082,             0.16754,            0.046192,           0.0084057,            0.017708,            0.013917,           0.0089169,           0.0089169
                  32,            0.063955,            0.015072,            0.027249,             0.34562,             0.89474,             0.65082,             0.16754,            0.046192,           0.0084057,            0.017708,            0.011179,           0.0091791,           0.0091791
                  33,            0.060213,            0.015663,            0.027145,              0.4019,             0.93948,             0.72487,             0.29303,             0.04195,           0.0083398,            0.017127,           0.0093466,           0.0093466,           0.0093466
                  34,            0.054464,            0.015423,            0.026552,             0.55587,             0.76447,             0.73443,             0.26252,            0.045588,           0.0080019,            0.017423,           0.0093466,           0.0093466,           0.0093466
                  35,            0.058813,            0.016335,            0.026394,             0.71738,                0.45,             0.29159,            0.092703,            0.050049,           0.0088129,            0.017222,           0.0093268,           0.0093268,           0.0093268
                  36,            0.067467,            0.012951,            0.023605,             0.71738,                0.45,             0.29159,            0.092703,            0.050049,           0.0088129,            0.017222,            0.009307,            0.009307,            0.009307
                  37,            0.061375,            0.014394,            0.025262,             0.25699,             0.98116,             0.38665,             0.19217,            0.035868,           0.0091951,            0.016395,           0.0092872,           0.0092872,           0.0092872
                  38,            0.060319,            0.013546,            0.028272,             0.28058,             0.90324,             0.42366,             0.12351,             0.04511,           0.0089333,            0.018296,           0.0092674,           0.0092674,           0.0092674
                  39,            0.063561,            0.014786,            0.026403,              0.6315,             0.92105,             0.86868,              0.3476,            0.041157,           0.0095794,            0.012384,           0.0092476,           0.0092476,           0.0092476
                  40,            0.066784,            0.017513,            0.024024,              0.6315,             0.92105,             0.86868,              0.3476,            0.041157,           0.0095794,            0.012384,           0.0092278,           0.0092278,           0.0092278
                  41,            0.062063,            0.014967,            0.024512,             0.77816,             0.85468,             0.97445,             0.50425,             0.03927,           0.0094105,            0.011673,            0.009208,            0.009208,            0.009208
                  42,            0.059455,            0.015182,            0.021924,             0.96039,             0.93085,             0.97262,             0.46008,            0.027997,           0.0094667,            0.011514,           0.0091882,           0.0091882,           0.0091882
                  43,             0.04811,             0.01431,            0.020999,             0.98084,             0.89605,             0.95101,             0.49403,            0.047792,           0.0079735,            0.010337,           0.0091684,           0.0091684,           0.0091684
                  44,            0.061048,            0.018603,            0.022057,             0.98084,             0.89605,             0.95101,             0.49403,            0.047792,           0.0079735,            0.010337,           0.0091486,           0.0091486,           0.0091486
                  45,            0.059944,            0.014486,            0.020776,             0.94327,             0.89605,             0.95667,             0.38683,            0.045137,           0.0075109,           0.0096158,           0.0091288,           0.0091288,           0.0091288
                  46,            0.064237,            0.015017,            0.021446,              0.9355,             0.86424,             0.93767,              0.3545,            0.048298,           0.0081346,           0.0087391,            0.009109,            0.009109,            0.009109
                  47,            0.069153,            0.014379,            0.020147,             0.84133,              0.8287,             0.89449,             0.37995,            0.033263,           0.0079776,           0.0082851,           0.0090892,           0.0090892,           0.0090892
                  48,            0.056456,            0.016088,            0.016606,             0.84133,              0.8287,             0.89449,             0.37995,            0.033263,           0.0079776,           0.0082851,           0.0090694,           0.0090694,           0.0090694
                  49,            0.057791,            0.015138,            0.016743,             0.92246,             0.88224,             0.96388,             0.34877,            0.034088,           0.0076885,           0.0076475,           0.0090496,           0.0090496,           0.0090496
                  50,            0.058178,            0.016526,             0.01825,              0.8661,             0.92145,             0.96706,             0.54605,            0.031193,           0.0080642,           0.0070672,           0.0090298,           0.0090298,           0.0090298
                  51,            0.060313,            0.017202,            0.018181,             0.73398,             0.91866,             0.89883,             0.38578,            0.038171,            0.007241,           0.0063185,             0.00901,             0.00901,             0.00901
                  52,            0.052642,            0.015349,            0.014526,             0.73398,             0.91866,             0.89883,             0.38578,            0.038171,            0.007241,           0.0063185,           0.0089902,           0.0089902,           0.0089902
                  53,            0.053772,            0.016374,            0.012796,              0.6006,             0.96221,             0.81529,             0.34771,            0.038153,           0.0071808,           0.0059165,           0.0089704,           0.0089704,           0.0089704
                  54,            0.061232,             0.01599,            0.015307,             0.41513,               0.925,             0.82317,             0.47254,            0.044166,           0.0076286,           0.0054434,           0.0089506,           0.0089506,           0.0089506
                  55,            0.061473,            0.015753,            0.014104,             0.46909,             0.97368,             0.64376,             0.23878,            0.037064,           0.0069622,           0.0067857,           0.0089308,           0.0089308,           0.0089308
                  56,            0.052307,             0.01518,            0.015177,             0.46909,             0.97368,             0.64376,             0.23878,            0.037064,           0.0069622,           0.0067857,            0.008911,            0.008911,            0.008911
                  57,            0.046639,            0.014078,            0.013085,             0.58556,                   1,             0.77521,             0.30749,            0.030522,           0.0069694,           0.0049006,           0.0088912,           0.0088912,           0.0088912
                  58,            0.050624,             0.01507,            0.014353,             0.54082,                0.95,               0.855,              0.3555,             0.03494,           0.0073888,           0.0047103,           0.0088714,           0.0088714,           0.0088714
                  59,            0.052046,            0.014891,            0.015818,             0.70364,             0.94868,             0.91939,             0.35854,            0.034146,           0.0072989,           0.0046414,           0.0088516,           0.0088516,           0.0088516
                  60,            0.051622,            0.013454,            0.012183,             0.70364,             0.94868,             0.91939,             0.35854,            0.034146,           0.0072989,           0.0046414,           0.0088318,           0.0088318,           0.0088318
                  61,            0.048491,             0.01361,            0.014294,             0.81148,               0.925,             0.92086,             0.35426,            0.031344,           0.0073434,           0.0045988,            0.008812,            0.008812,            0.008812
                  62,            0.041977,            0.012759,            0.013536,             0.60708,               0.975,             0.97943,             0.52121,            0.035139,            0.007513,           0.0044757,           0.0087922,           0.0087922,           0.0087922
                  63,            0.052448,             0.01424,            0.017099,              0.4494,               0.975,             0.68088,             0.25021,            0.034879,            0.007712,           0.0040709,           0.0087724,           0.0087724,           0.0087724
                  64,            0.049468,            0.015457,            0.014211,              0.4494,               0.975,             0.68088,             0.25021,            0.034879,            0.007712,           0.0040709,           0.0087526,           0.0087526,           0.0087526
                  65,            0.044485,            0.014285,            0.015971,             0.58632,               0.925,             0.84883,             0.35686,            0.028634,           0.0074003,           0.0041122,           0.0087328,           0.0087328,           0.0087328
                  66,              0.0439,            0.014184,            0.013588,             0.81246,               0.975,             0.99174,             0.50794,            0.030894,           0.0070383,           0.0041268,            0.008713,            0.008713,            0.008713
                  67,            0.047889,            0.012451,            0.013156,             0.72945,             0.88577,              0.9282,             0.41612,            0.038118,           0.0067629,           0.0040315,           0.0086932,           0.0086932,           0.0086932
                  68,            0.046807,            0.014261,            0.011762,             0.72945,             0.88577,              0.9282,             0.41612,            0.038118,           0.0067629,           0.0040315,           0.0086734,           0.0086734,           0.0086734
                  69,            0.044617,            0.012824,            0.010938,             0.90209,             0.92979,              0.9661,             0.46445,            0.035466,           0.0066287,           0.0039753,           0.0086536,           0.0086536,           0.0086536
                  70,             0.04397,            0.011627,            0.013133,             0.72182,             0.94737,             0.86585,             0.33888,            0.034006,           0.0065208,           0.0045188,           0.0086338,           0.0086338,           0.0086338
                  71,            0.048371,            0.016586,            0.016901,             0.75759,             0.96089,             0.94437,             0.55813,            0.027539,           0.0063548,           0.0042246,            0.008614,            0.008614,            0.008614
                  72,            0.049093,            0.012251,            0.012893,             0.75759,             0.96089,             0.94437,             0.55813,            0.027539,           0.0063548,           0.0042246,           0.0085942,           0.0085942,           0.0085942
                  73,            0.047296,            0.014056,             0.01777,             0.92388,             0.96914,             0.96343,             0.50173,            0.023145,           0.0063079,           0.0044752,           0.0085744,           0.0085744,           0.0085744
                  74,            0.041012,            0.015251,            0.012987,              0.7791,                0.95,             0.90782,             0.55088,            0.028587,           0.0065228,           0.0043621,           0.0085546,           0.0085546,           0.0085546
                  75,            0.044495,            0.012988,            0.014545,             0.67927,             0.88422,             0.89936,             0.36837,            0.039924,           0.0068599,           0.0042258,           0.0085348,           0.0085348,           0.0085348
                  76,            0.049442,            0.011932,            0.012415,             0.67927,             0.88422,             0.89936,             0.36837,            0.039924,           0.0068599,           0.0042258,            0.008515,            0.008515,            0.008515
                  77,            0.048475,            0.013432,           0.0092108,             0.80857,             0.98721,             0.98761,             0.40565,            0.035448,           0.0066268,            0.004153,           0.0084952,           0.0084952,           0.0084952
                  78,            0.048428,            0.013292,           0.0089059,             0.73767,                   1,             0.97119,             0.49645,            0.027633,           0.0064616,           0.0041364,           0.0084754,           0.0084754,           0.0084754
                  79,            0.055459,            0.012425,            0.010769,              0.8792,             0.98647,              0.9508,             0.50772,            0.027597,           0.0059409,           0.0043675,           0.0084556,           0.0084556,           0.0084556
                  80,            0.043498,            0.011391,            0.012001,              0.8792,             0.98647,              0.9508,             0.50772,            0.027597,           0.0059409,           0.0043675,           0.0084358,           0.0084358,           0.0084358
                  81,            0.039373,            0.014261,            0.011308,             0.91604,                   1,             0.98024,             0.55356,            0.024294,            0.005912,           0.0043846,            0.008416,            0.008416,            0.008416
                  82,            0.037023,             0.01211,            0.011166,             0.78377,             0.99751,               0.955,             0.60222,            0.024742,           0.0059739,           0.0046217,           0.0083962,           0.0083962,           0.0083962
                  83,            0.040504,            0.012727,           0.0088122,             0.75202,             0.83262,             0.88701,             0.32422,            0.035874,           0.0061693,           0.0042506,           0.0083764,           0.0083764,           0.0083764
                  84,            0.051517,            0.013947,            0.011257,             0.75202,             0.83262,             0.88701,             0.32422,            0.035874,           0.0061693,           0.0042506,           0.0083566,           0.0083566,           0.0083566
                  85,            0.043771,            0.013269,           0.0099052,               0.826,             0.87293,             0.95631,               0.494,            0.029696,           0.0061321,           0.0042396,           0.0083368,           0.0083368,           0.0083368
                  86,             0.04204,            0.012905,           0.0089869,             0.74523,                   1,              0.9095,             0.39796,            0.030615,           0.0060152,           0.0037739,            0.008317,            0.008317,            0.008317
                  87,            0.045963,            0.013487,             0.01078,             0.98281,                   1,               0.995,             0.56996,            0.023654,             0.00582,           0.0037443,           0.0082972,           0.0082972,           0.0082972
                  88,            0.043919,            0.013971,           0.0098698,             0.98281,                   1,               0.995,             0.56996,            0.023654,             0.00582,           0.0037443,           0.0082774,           0.0082774,           0.0082774
                  89,            0.038163,            0.013792,            0.011024,             0.89311,             0.92653,             0.96816,              0.5573,            0.022229,           0.0059333,           0.0036539,           0.0082576,           0.0082576,           0.0082576
                  90,            0.039043,             0.01314,            0.008304,             0.98596,                   1,               0.995,             0.60347,            0.022016,           0.0057371,           0.0036245,           0.0082378,           0.0082378,           0.0082378
                  91,            0.036124,             0.01282,            0.009655,             0.89544,             0.84474,             0.91836,              0.4192,            0.033931,           0.0059495,           0.0035709,            0.008218,            0.008218,            0.008218
                  92,            0.047276,            0.012377,           0.0084881,             0.89544,             0.84474,             0.91836,              0.4192,            0.033931,           0.0059495,           0.0035709,           0.0081982,           0.0081982,           0.0081982
                  93,            0.045436,             0.01312,           0.0085766,             0.81074,             0.91145,             0.91803,             0.43495,            0.027798,            0.005864,           0.0035347,           0.0081784,           0.0081784,           0.0081784
                  94,            0.042471,            0.011346,            0.011505,             0.98443,             0.86842,             0.94806,             0.52528,            0.032732,           0.0056366,           0.0032925,           0.0081586,           0.0081586,           0.0081586
                  95,             0.04428,            0.012382,            0.011144,             0.89886,               0.925,             0.93982,             0.35748,            0.029159,           0.0054765,           0.0033932,           0.0081388,           0.0081388,           0.0081388
                  96,            0.039826,            0.013281,           0.0083426,             0.89886,               0.925,             0.93982,             0.35748,            0.029159,           0.0054765,           0.0033932,            0.008119,            0.008119,            0.008119
                  97,            0.039398,            0.012084,           0.0063769,             0.99691,             0.94483,               0.995,             0.51268,            0.027147,           0.0055311,           0.0033486,           0.0080992,           0.0080992,           0.0080992
                  98,            0.039544,            0.013467,            0.010169,             0.98235,                   1,               0.995,             0.56789,            0.020549,           0.0056174,           0.0034035,           0.0080794,           0.0080794,           0.0080794
                  99,            0.038808,            0.011521,           0.0076854,             0.84442,             0.96438,              0.9611,             0.45403,            0.030369,           0.0055573,           0.0032948,           0.0080596,           0.0080596,           0.0080596
                 100,            0.046458,            0.011948,           0.0087417,             0.84442,             0.96438,              0.9611,             0.45403,            0.030369,           0.0055573,           0.0032948,           0.0080398,           0.0080398,           0.0080398
                 101,            0.042833,            0.012674,            0.012657,             0.99014,                   1,               0.995,             0.64546,            0.022974,           0.0055963,           0.0032453,             0.00802,             0.00802,             0.00802
                 102,              0.0437,            0.013442,            0.010191,             0.74979,               0.975,             0.93884,             0.45597,            0.032358,           0.0059658,           0.0032034,           0.0080002,           0.0080002,           0.0080002
                 103,            0.045057,            0.010974,           0.0082991,             0.99325,                   1,               0.995,             0.60813,            0.018885,           0.0057489,           0.0031241,           0.0079804,           0.0079804,           0.0079804
                 104,            0.038142,            0.012258,           0.0073123,             0.99325,                   1,               0.995,             0.60813,            0.018885,           0.0057489,           0.0031241,           0.0079606,           0.0079606,           0.0079606
                 105,            0.042505,            0.012749,            0.010164,             0.99632,             0.98808,               0.995,             0.62946,            0.020082,           0.0058593,            0.003109,           0.0079408,           0.0079408,           0.0079408
                 106,             0.03595,            0.011017,            0.011579,             0.99177,                   1,               0.995,              0.5682,            0.020213,           0.0058587,           0.0035248,            0.007921,            0.007921,            0.007921
                 107,            0.038332,            0.011678,            0.015644,             0.99245,                   1,               0.995,             0.58708,            0.019996,           0.0056467,           0.0031229,           0.0079012,           0.0079012,           0.0079012
                 108,            0.042123,            0.011479,           0.0080378,             0.99245,                   1,               0.995,             0.58708,            0.019996,           0.0056467,           0.0031229,           0.0078814,           0.0078814,           0.0078814
                 109,            0.029693,           0.0096443,           0.0089872,             0.99195,                   1,               0.995,             0.57478,            0.017249,           0.0055731,           0.0032079,           0.0078616,           0.0078616,           0.0078616
                 110,             0.03576,            0.012988,           0.0078516,             0.79979,               0.975,             0.97181,             0.45411,            0.027176,           0.0057568,           0.0032899,           0.0078418,           0.0078418,           0.0078418
                 111,            0.044867,            0.012755,             0.00908,             0.99061,                   1,               0.995,             0.63406,            0.020571,           0.0055337,           0.0035499,            0.007822,            0.007822,            0.007822
                 112,            0.042801,            0.013112,            0.011001,             0.99061,                   1,               0.995,             0.63406,            0.020571,           0.0055337,           0.0035499,           0.0078022,           0.0078022,           0.0078022
                 113,            0.036027,            0.012243,           0.0094066,             0.98638,                   1,               0.995,              0.6077,            0.017647,           0.0057179,           0.0037947,           0.0077824,           0.0077824,           0.0077824
                 114,            0.034986,            0.011415,           0.0089025,             0.98738,             0.99891,               0.995,             0.56149,            0.021994,           0.0058584,           0.0037796,           0.0077626,           0.0077626,           0.0077626
                 115,            0.038677,            0.013628,           0.0076978,             0.98427,              0.9411,             0.98932,             0.48855,            0.023877,           0.0057141,           0.0035592,           0.0077428,           0.0077428,           0.0077428
                 116,            0.044246,            0.012093,           0.0087276,             0.98427,              0.9411,             0.98932,             0.48855,            0.023877,           0.0057141,           0.0035592,            0.007723,            0.007723,            0.007723
                 117,            0.039558,            0.011404,           0.0097735,             0.98892,             0.99762,               0.995,             0.51247,             0.01753,           0.0055632,           0.0036071,           0.0077032,           0.0077032,           0.0077032
                 118,             0.03641,            0.011011,           0.0059143,             0.75271,             0.99702,             0.80982,             0.48456,            0.020859,           0.0054156,           0.0036645,           0.0076834,           0.0076834,           0.0076834
                 119,            0.036067,            0.012336,           0.0076277,             0.77304,             0.99367,             0.92604,             0.52453,            0.025457,           0.0054098,           0.0038491,           0.0076636,           0.0076636,           0.0076636
                 120,            0.040414,            0.013882,           0.0095083,             0.77304,             0.99367,             0.92604,             0.52453,            0.025457,           0.0054098,           0.0038491,           0.0076438,           0.0076438,           0.0076438
                 121,            0.037153,           0.0098783,            0.006564,             0.82326,             0.99955,             0.96573,             0.59623,            0.020758,           0.0053293,           0.0036946,            0.007624,            0.007624,            0.007624
                 122,            0.034339,            0.010974,           0.0080787,             0.73836,             0.99552,             0.88955,             0.49119,             0.02324,           0.0054736,            0.003887,           0.0076042,           0.0076042,           0.0076042
                 123,            0.035844,            0.012605,            0.013195,             0.85087,                   1,             0.93323,             0.59545,            0.021828,           0.0053589,           0.0030569,           0.0075844,           0.0075844,           0.0075844
                 124,            0.038736,            0.011192,            0.007811,             0.85087,                   1,             0.93323,             0.59545,            0.021828,           0.0053589,           0.0030569,           0.0075646,           0.0075646,           0.0075646
                 125,            0.033636,            0.011989,           0.0092865,              0.9837,                   1,               0.995,             0.65223,            0.019264,           0.0053804,           0.0031958,           0.0075448,           0.0075448,           0.0075448
                 126,             0.03343,            0.013665,           0.0061525,             0.98672,                   1,               0.995,              0.6111,            0.021194,           0.0053678,           0.0033855,            0.007525,            0.007525,            0.007525
                 127,            0.036692,            0.011463,            0.021915,             0.94668,             0.98746,             0.97893,             0.65743,             0.02013,           0.0053109,           0.0034426,           0.0075052,           0.0075052,           0.0075052
                 128,            0.037511,            0.011975,            0.009176,             0.94668,             0.98746,             0.97893,             0.65743,             0.02013,           0.0053109,           0.0034426,           0.0074854,           0.0074854,           0.0074854
                 129,            0.034223,            0.012557,           0.0083463,             0.98279,                   1,               0.995,             0.68764,            0.017197,           0.0053716,           0.0035928,           0.0074656,           0.0074656,           0.0074656
                 130,            0.031053,            0.011371,           0.0062586,              0.7529,                   1,               0.995,             0.64366,            0.018079,           0.0054805,           0.0037209,           0.0074458,           0.0074458,           0.0074458
                 131,            0.034902,            0.010329,           0.0085939,             0.98125,              0.9911,               0.995,             0.48422,            0.019018,           0.0056603,           0.0039934,            0.007426,            0.007426,            0.007426
                 132,            0.035754,            0.010977,           0.0084078,             0.98125,              0.9911,               0.995,             0.48422,            0.019018,           0.0056603,           0.0039934,           0.0074062,           0.0074062,           0.0074062
                 133,            0.034065,            0.010683,            0.010368,             0.92972,             0.97404,               0.995,             0.59368,            0.017013,           0.0057612,           0.0040987,           0.0073864,           0.0073864,           0.0073864
                 134,            0.034691,            0.012155,           0.0067614,              0.7423,             0.98448,             0.91076,             0.54542,            0.021516,           0.0057279,           0.0039202,           0.0073666,           0.0073666,           0.0073666
                 135,            0.037009,            0.011325,           0.0099269,             0.57767,             0.91728,             0.73083,             0.47784,            0.023559,           0.0056411,           0.0039008,           0.0073468,           0.0073468,           0.0073468
                 136,            0.033925,            0.010134,           0.0068488,             0.57767,             0.91728,             0.73083,             0.47784,            0.023559,           0.0056411,           0.0039008,            0.007327,            0.007327,            0.007327
                 137,            0.037066,            0.012735,            0.010267,             0.74498,             0.93789,              0.8136,             0.50233,            0.021779,           0.0055202,           0.0035535,           0.0073072,           0.0073072,           0.0073072
                 138,            0.038621,            0.012045,           0.0062864,             0.80441,                   1,             0.94969,             0.58437,             0.02011,           0.0052696,           0.0031954,           0.0072874,           0.0072874,           0.0072874
                 139,            0.041809,            0.012556,           0.0069535,             0.85589,             0.98392,             0.94299,             0.60359,            0.018801,           0.0052714,           0.0028305,           0.0072676,           0.0072676,           0.0072676
                 140,            0.031596,           0.0098082,           0.0066021,             0.85589,             0.98392,             0.94299,             0.60359,            0.018801,           0.0052714,           0.0028305,           0.0072478,           0.0072478,           0.0072478
                 141,            0.035204,            0.012047,           0.0071183,             0.99506,                   1,               0.995,             0.66132,            0.015366,           0.0051941,           0.0027075,            0.007228,            0.007228,            0.007228
                 142,            0.035319,            0.010974,           0.0073025,             0.99275,                   1,               0.995,             0.64369,             0.01794,           0.0051502,           0.0025768,           0.0072082,           0.0072082,           0.0072082
                 143,            0.036696,            0.010724,           0.0060324,             0.98115,                   1,               0.995,             0.63855,            0.017373,           0.0050491,           0.0024553,           0.0071884,           0.0071884,           0.0071884
                 144,            0.032635,            0.010956,            0.008221,             0.98115,                   1,               0.995,             0.63855,            0.017373,           0.0050491,           0.0024553,           0.0071686,           0.0071686,           0.0071686
                 145,            0.033459,            0.011951,           0.0084244,             0.98633,                   1,               0.995,             0.70841,            0.015854,             0.00492,           0.0025958,           0.0071488,           0.0071488,           0.0071488
                 146,            0.035313,            0.010361,           0.0075863,             0.79443,                   1,             0.97642,             0.61343,            0.024685,           0.0051679,           0.0027668,            0.007129,            0.007129,            0.007129
                 147,            0.038278,            0.011838,           0.0091992,             0.99066,                   1,               0.995,              0.6372,            0.020116,           0.0052265,           0.0027768,           0.0071092,           0.0071092,           0.0071092
                 148,            0.031729,            0.010692,           0.0049765,             0.99066,                   1,               0.995,              0.6372,            0.020116,           0.0052265,           0.0027768,           0.0070894,           0.0070894,           0.0070894
                 149,            0.035179,            0.010559,            0.007642,             0.99315,                   1,               0.995,             0.67595,            0.018273,           0.0052366,           0.0029562,           0.0070696,           0.0070696,           0.0070696
                 150,            0.032045,           0.0097545,           0.0087867,             0.98727,                   1,               0.995,             0.57155,            0.019989,           0.0053739,           0.0033614,           0.0070498,           0.0070498,           0.0070498
                 151,            0.036539,            0.011556,            0.017012,             0.93594,                   1,             0.99125,             0.64298,            0.021142,           0.0054548,           0.0033317,             0.00703,             0.00703,             0.00703
                 152,            0.031522,            0.012928,           0.0067931,             0.93594,                   1,             0.99125,             0.64298,            0.021142,           0.0054548,           0.0033317,           0.0070102,           0.0070102,           0.0070102
                 153,            0.034867,            0.011396,           0.0089717,             0.97281,                   1,               0.995,             0.57551,            0.023467,           0.0055893,            0.003032,           0.0069904,           0.0069904,           0.0069904
                 154,            0.035228,            0.011947,            0.010732,             0.99408,                   1,               0.995,             0.63481,            0.017607,           0.0057736,            0.002964,           0.0069706,           0.0069706,           0.0069706
                 155,            0.038399,            0.011287,            0.006949,             0.98766,                   1,               0.995,             0.57601,            0.020565,           0.0057831,            0.003015,           0.0069508,           0.0069508,           0.0069508
                 156,            0.032173,            0.012714,           0.0078327,             0.98766,                   1,               0.995,             0.57601,            0.020565,           0.0057831,            0.003015,            0.006931,            0.006931,            0.006931
                 157,             0.03847,            0.010058,           0.0088247,             0.93862,             0.97368,             0.98999,             0.66881,            0.017827,           0.0058444,           0.0031908,           0.0069112,           0.0069112,           0.0069112
                 158,            0.032383,            0.011065,            0.007133,             0.98551,                   1,               0.995,             0.70257,            0.017752,           0.0053144,           0.0029895,           0.0068914,           0.0068914,           0.0068914
                 159,             0.03238,            0.012758,            0.008959,             0.89788,             0.92105,             0.97253,             0.67754,            0.023363,           0.0052628,            0.002907,           0.0068716,           0.0068716,           0.0068716
                 160,             0.03528,            0.010348,            0.006564,             0.89788,             0.92105,             0.97253,             0.67754,            0.023363,           0.0052628,            0.002907,           0.0068518,           0.0068518,           0.0068518
                 161,            0.035878,            0.011153,             0.01347,             0.82552,             0.90108,             0.90697,             0.59996,            0.024596,            0.005274,           0.0032676,            0.006832,            0.006832,            0.006832
                 162,            0.034156,            0.012281,            0.008405,             0.98247,             0.94962,               0.995,             0.70344,            0.019599,           0.0051705,           0.0034017,           0.0068122,           0.0068122,           0.0068122
                 163,            0.035161,            0.010287,            0.009092,             0.79886,             0.89737,              0.9306,              0.5261,            0.025188,           0.0053067,           0.0027811,           0.0067924,           0.0067924,           0.0067924
                 164,            0.037633,             0.01158,           0.0096118,             0.79886,             0.89737,              0.9306,              0.5261,            0.025188,           0.0053067,           0.0027811,           0.0067726,           0.0067726,           0.0067726
                 165,            0.037999,            0.011725,           0.0066728,             0.84885,             0.94737,             0.97031,              0.5854,            0.023379,           0.0052548,           0.0025516,           0.0067528,           0.0067528,           0.0067528
                 166,            0.031226,            0.011921,           0.0044747,             0.99021,                   1,               0.995,              0.6843,            0.018466,            0.005119,           0.0025083,            0.006733,            0.006733,            0.006733
                 167,            0.034795,            0.011789,           0.0052976,             0.99257,                   1,               0.995,             0.70068,            0.017728,           0.0051028,           0.0024283,           0.0067132,           0.0067132,           0.0067132
                 168,            0.037459,            0.011183,           0.0047371,             0.99257,                   1,               0.995,             0.70068,            0.017728,           0.0051028,           0.0024283,           0.0066934,           0.0066934,           0.0066934
                 169,            0.035237,            0.010982,           0.0052565,             0.98706,                   1,               0.995,             0.72589,            0.017968,           0.0050955,           0.0023753,           0.0066736,           0.0066736,           0.0066736
                 170,            0.038267,           0.0094145,           0.0064618,             0.98791,                   1,               0.995,             0.71583,            0.015969,           0.0052577,           0.0023186,           0.0066538,           0.0066538,           0.0066538
                 171,            0.028642,           0.0098637,           0.0063825,             0.99345,                   1,               0.995,             0.71186,            0.017954,            0.005125,           0.0023969,            0.006634,            0.006634,            0.006634
                 172,            0.036458,            0.011341,           0.0047174,             0.99345,                   1,               0.995,             0.71186,            0.017954,            0.005125,           0.0023969,           0.0066142,           0.0066142,           0.0066142
                 173,            0.032222,            0.011136,           0.0045757,             0.99257,                   1,               0.995,             0.71946,            0.015053,           0.0050015,            0.002446,           0.0065944,           0.0065944,           0.0065944
                 174,            0.031482,            0.011615,           0.0086204,             0.99346,                   1,               0.995,             0.57824,            0.019113,           0.0050854,           0.0024907,           0.0065746,           0.0065746,           0.0065746
                 175,            0.033726,             0.01174,           0.0075716,             0.92117,                   1,             0.99023,             0.59886,            0.021858,           0.0050425,           0.0025851,           0.0065548,           0.0065548,           0.0065548
                 176,            0.035357,            0.011343,           0.0066446,             0.92117,                   1,             0.99023,             0.59886,            0.021858,           0.0050425,           0.0025851,            0.006535,            0.006535,            0.006535
                 177,            0.032472,            0.010982,           0.0071813,               0.897,                   1,             0.97597,             0.61871,            0.020569,           0.0050221,           0.0025814,           0.0065152,           0.0065152,           0.0065152
                 178,            0.030472,            0.010981,           0.0050164,             0.99482,                   1,               0.995,             0.70424,            0.014371,           0.0049017,           0.0025323,           0.0064954,           0.0064954,           0.0064954
                 179,            0.029424,            0.011718,            0.005288,              0.8117,                   1,             0.90953,             0.62492,            0.017711,           0.0049586,           0.0026378,           0.0064756,           0.0064756,           0.0064756
                 180,            0.033953,            0.010075,           0.0051661,              0.8117,                   1,             0.90953,             0.62492,            0.017711,           0.0049586,           0.0026378,           0.0064558,           0.0064558,           0.0064558
                 181,            0.035096,            0.010211,           0.0059431,             0.92321,                   1,             0.96314,             0.67259,            0.016655,           0.0049083,           0.0026844,            0.006436,            0.006436,            0.006436
                 182,            0.031036,             0.01266,            0.011467,             0.99537,                   1,               0.995,             0.71734,            0.014592,           0.0048138,           0.0024468,           0.0064162,           0.0064162,           0.0064162
                 183,            0.032658,            0.010448,           0.0052817,             0.99501,                   1,               0.995,             0.68522,            0.017037,            0.004893,           0.0024156,           0.0063964,           0.0063964,           0.0063964
                 184,            0.028915,            0.011309,           0.0035874,             0.99501,                   1,               0.995,             0.68522,            0.017037,            0.004893,           0.0024156,           0.0063766,           0.0063766,           0.0063766
                 185,            0.026423,            0.010464,           0.0044927,             0.99493,                   1,               0.995,             0.71381,            0.015794,           0.0049104,           0.0023012,           0.0063568,           0.0063568,           0.0063568
